{
    "train_accuracy": 0.9657738095238095,
    "train_macro_f1": 0.9713680139557778,
    "test_accuracy": 0.7473997028231798,
    "test_macro_f1": 0.7001710655740349,
    "test_report": {
        "BRCA": {
            "precision": 0.6419753086419753,
            "recall": 0.7839195979899497,
            "f1-score": 0.7058823529411765,
            "support": 199.0
        },
        "COAD": {
            "precision": 0.78,
            "recall": 0.8571428571428571,
            "f1-score": 0.8167539267015707,
            "support": 91.0
        },
        "ESCA": {
            "precision": 0.6363636363636364,
            "recall": 0.3783783783783784,
            "f1-score": 0.4745762711864407,
            "support": 37.0
        },
        "LAML": {
            "precision": 0.5789473684210527,
            "recall": 0.44,
            "f1-score": 0.5,
            "support": 25.0
        },
        "LUAD": {
            "precision": 0.8584070796460177,
            "recall": 0.7886178861788617,
            "f1-score": 0.8220338983050848,
            "support": 123.0
        },
        "SKCM": {
            "precision": 0.9529411764705882,
            "recall": 0.8617021276595744,
            "f1-score": 0.9050279329608939,
            "support": 94.0
        },
        "UCEC": {
            "precision": 0.7252747252747253,
            "recall": 0.6346153846153846,
            "f1-score": 0.676923076923077,
            "support": 104.0
        },
        "accuracy": 0.7473997028231798,
        "macro avg": {
            "precision": 0.7391298992597137,
            "recall": 0.677768033137858,
            "f1-score": 0.7001710655740349,
            "support": 673.0
        },
        "weighted avg": {
            "precision": 0.7538504279182776,
            "recall": 0.7473997028231798,
            "f1-score": 0.745077730741285,
            "support": 673.0
        }
    },
    "confusion_matrix": [
        [
            156,
            4,
            3,
            5,
            9,
            2,
            20
        ],
        [
            6,
            78,
            2,
            0,
            1,
            0,
            4
        ],
        [
            17,
            4,
            14,
            0,
            2,
            0,
            0
        ],
        [
            10,
            0,
            1,
            11,
            2,
            1,
            0
        ],
        [
            20,
            1,
            2,
            2,
            97,
            1,
            0
        ],
        [
            10,
            0,
            0,
            0,
            2,
            81,
            1
        ],
        [
            24,
            13,
            0,
            1,
            0,
            0,
            66
        ]
    ]
}