{
    "train_accuracy": 0.7001488095238095,
    "train_macro_f1": 0.6339078245618576,
    "test_accuracy": 0.6701337295690936,
    "test_macro_f1": 0.5746842797233409,
    "test_report": {
        "BRCA": {
            "precision": 0.601593625498008,
            "recall": 0.7587939698492462,
            "f1-score": 0.6711111111111111,
            "support": 199.0
        },
        "COAD": {
            "precision": 0.5614035087719298,
            "recall": 0.7032967032967034,
            "f1-score": 0.624390243902439,
            "support": 91.0
        },
        "ESCA": {
            "precision": 0.9,
            "recall": 0.24324324324324326,
            "f1-score": 0.3829787234042553,
            "support": 37.0
        },
        "LAML": {
            "precision": 0.4,
            "recall": 0.08,
            "f1-score": 0.13333333333333333,
            "support": 25.0
        },
        "LUAD": {
            "precision": 0.8,
            "recall": 0.7479674796747967,
            "f1-score": 0.773109243697479,
            "support": 123.0
        },
        "SKCM": {
            "precision": 0.9759036144578314,
            "recall": 0.8617021276595744,
            "f1-score": 0.9152542372881356,
            "support": 94.0
        },
        "UCEC": {
            "precision": 0.5473684210526316,
            "recall": 0.5,
            "f1-score": 0.5226130653266332,
            "support": 104.0
        },
        "accuracy": 0.6701337295690936,
        "macro avg": {
            "precision": 0.6837527385400571,
            "recall": 0.556429074817652,
            "f1-score": 0.5746842797233409,
            "support": 673.0
        },
        "weighted avg": {
            "precision": 0.6852393853207415,
            "recall": 0.6701337295690936,
            "f1-score": 0.6587700794641431,
            "support": 673.0
        }
    },
    "confusion_matrix": [
        [
            151,
            16,
            0,
            3,
            11,
            0,
            18
        ],
        [
            7,
            64,
            1,
            0,
            1,
            0,
            18
        ],
        [
            22,
            2,
            9,
            0,
            2,
            0,
            2
        ],
        [
            6,
            10,
            0,
            2,
            4,
            1,
            2
        ],
        [
            24,
            4,
            0,
            0,
            92,
            1,
            2
        ],
        [
            10,
            0,
            0,
            0,
            2,
            81,
            1
        ],
        [
            31,
            18,
            0,
            0,
            3,
            0,
            52
        ]
    ]
}