{
    "train_accuracy": 0.9970238095238095,
    "train_macro_f1": 0.9956488522123851,
    "test_accuracy": 0.7161961367013373,
    "test_macro_f1": 0.6910171318917914,
    "test_report": {
        "BRCA": {
            "precision": 0.6761363636363636,
            "recall": 0.5979899497487438,
            "f1-score": 0.6346666666666667,
            "support": 199.0
        },
        "COAD": {
            "precision": 0.6610169491525424,
            "recall": 0.8571428571428571,
            "f1-score": 0.7464114832535885,
            "support": 91.0
        },
        "ESCA": {
            "precision": 0.6551724137931034,
            "recall": 0.5135135135135135,
            "f1-score": 0.5757575757575758,
            "support": 37.0
        },
        "LAML": {
            "precision": 0.5,
            "recall": 0.52,
            "f1-score": 0.5098039215686274,
            "support": 25.0
        },
        "LUAD": {
            "precision": 0.8512396694214877,
            "recall": 0.8373983739837398,
            "f1-score": 0.8442622950819673,
            "support": 123.0
        },
        "SKCM": {
            "precision": 0.9540229885057471,
            "recall": 0.8829787234042553,
            "f1-score": 0.9171270718232044,
            "support": 94.0
        },
        "UCEC": {
            "precision": 0.5775862068965517,
            "recall": 0.6442307692307693,
            "f1-score": 0.6090909090909091,
            "support": 104.0
        },
        "accuracy": 0.7161961367013373,
        "macro avg": {
            "precision": 0.6964535130579709,
            "recall": 0.6933220267176969,
            "f1-score": 0.6910171318917914,
            "support": 673.0
        },
        "weighted avg": {
            "precision": 0.721983155754067,
            "recall": 0.7161961367013373,
            "f1-score": 0.715705648702685,
            "support": 673.0
        }
    },
    "confusion_matrix": [
        [
            119,
            11,
            5,
            9,
            14,
            4,
            37
        ],
        [
            2,
            78,
            2,
            1,
            2,
            0,
            6
        ],
        [
            8,
            8,
            19,
            0,
            0,
            0,
            2
        ],
        [
            11,
            0,
            0,
            13,
            1,
            0,
            0
        ],
        [
            14,
            1,
            2,
            2,
            103,
            0,
            1
        ],
        [
            7,
            0,
            0,
            1,
            0,
            83,
            3
        ],
        [
            15,
            20,
            1,
            0,
            1,
            0,
            67
        ]
    ]
}