{
    "train_accuracy": 0.9996279761904762,
    "train_macro_f1": 0.9991581032561595,
    "test_accuracy": 0.7607726597325408,
    "test_macro_f1": 0.69304616610662,
    "test_report": {
        "BRCA": {
            "precision": 0.6091205211726385,
            "recall": 0.9396984924623115,
            "f1-score": 0.7391304347826086,
            "support": 199.0
        },
        "COAD": {
            "precision": 0.7978723404255319,
            "recall": 0.8241758241758241,
            "f1-score": 0.8108108108108109,
            "support": 91.0
        },
        "ESCA": {
            "precision": 0.9090909090909091,
            "recall": 0.2702702702702703,
            "f1-score": 0.4166666666666667,
            "support": 37.0
        },
        "LAML": {
            "precision": 0.6923076923076923,
            "recall": 0.36,
            "f1-score": 0.47368421052631576,
            "support": 25.0
        },
        "LUAD": {
            "precision": 0.9611650485436893,
            "recall": 0.8048780487804879,
            "f1-score": 0.8761061946902655,
            "support": 123.0
        },
        "SKCM": {
            "precision": 1.0,
            "recall": 0.851063829787234,
            "f1-score": 0.9195402298850575,
            "support": 94.0
        },
        "UCEC": {
            "precision": 0.8,
            "recall": 0.5,
            "f1-score": 0.6153846153846154,
            "support": 104.0
        },
        "accuracy": 0.7607726597325408,
        "macro avg": {
            "precision": 0.8242223587914944,
            "recall": 0.6500123522108755,
            "f1-score": 0.69304616610662,
            "support": 673.0
        },
        "weighted avg": {
            "precision": 0.8026578359688087,
            "recall": 0.7607726597325408,
            "f1-score": 0.7523437678921925,
            "support": 673.0
        }
    },
    "confusion_matrix": [
        [
            187,
            2,
            0,
            2,
            2,
            0,
            6
        ],
        [
            8,
            75,
            1,
            0,
            1,
            0,
            6
        ],
        [
            22,
            4,
            10,
            0,
            1,
            0,
            0
        ],
        [
            15,
            0,
            0,
            9,
            0,
            0,
            1
        ],
        [
            22,
            1,
            0,
            1,
            99,
            0,
            0
        ],
        [
            13,
            0,
            0,
            1,
            0,
            80,
            0
        ],
        [
            40,
            12,
            0,
            0,
            0,
            0,
            52
        ]
    ]
}