{
    "train_accuracy": 0.8095238095238095,
    "train_macro_f1": 0.8072594132317683,
    "test_accuracy": 0.6508172362555721,
    "test_macro_f1": 0.6131390251105254,
    "test_report": {
        "BRCA": {
            "precision": 0.5427509293680297,
            "recall": 0.7336683417085427,
            "f1-score": 0.6239316239316239,
            "support": 199.0
        },
        "COAD": {
            "precision": 0.5742574257425742,
            "recall": 0.6373626373626373,
            "f1-score": 0.6041666666666666,
            "support": 91.0
        },
        "ESCA": {
            "precision": 0.7333333333333333,
            "recall": 0.2972972972972973,
            "f1-score": 0.4230769230769231,
            "support": 37.0
        },
        "LAML": {
            "precision": 0.7142857142857143,
            "recall": 0.4,
            "f1-score": 0.5128205128205128,
            "support": 25.0
        },
        "LUAD": {
            "precision": 0.8035714285714286,
            "recall": 0.7317073170731707,
            "f1-score": 0.7659574468085106,
            "support": 123.0
        },
        "SKCM": {
            "precision": 0.9204545454545454,
            "recall": 0.8617021276595744,
            "f1-score": 0.8901098901098901,
            "support": 94.0
        },
        "UCEC": {
            "precision": 0.5675675675675675,
            "recall": 0.40384615384615385,
            "f1-score": 0.47191011235955055,
            "support": 104.0
        },
        "accuracy": 0.6508172362555721,
        "macro avg": {
            "precision": 0.6937458491890276,
            "recall": 0.5807976964210538,
            "f1-score": 0.6131390251105254,
            "support": 673.0
        },
        "weighted avg": {
            "precision": 0.6681194307449159,
            "recall": 0.6508172362555721,
            "f1-score": 0.6457320447497601,
            "support": 673.0
        }
    },
    "confusion_matrix": [
        [
            146,
            17,
            2,
            2,
            16,
            3,
            13
        ],
        [
            15,
            58,
            1,
            1,
            1,
            1,
            14
        ],
        [
            16,
            2,
            11,
            0,
            4,
            1,
            3
        ],
        [
            14,
            0,
            0,
            10,
            0,
            1,
            0
        ],
        [
            27,
            2,
            1,
            1,
            90,
            0,
            2
        ],
        [
            13,
            0,
            0,
            0,
            0,
            81,
            0
        ],
        [
            38,
            22,
            0,
            0,
            1,
            1,
            42
        ]
    ]
}