{
    "train_accuracy": 0.5606398809523809,
    "train_macro_f1": 0.44374449822887413,
    "test_accuracy": 0.5616641901931649,
    "test_macro_f1": 0.4352518803166157,
    "test_report": {
        "BRCA": {
            "precision": 0.4850498338870432,
            "recall": 0.7336683417085427,
            "f1-score": 0.584,
            "support": 199.0
        },
        "COAD": {
            "precision": 0.42857142857142855,
            "recall": 0.3626373626373626,
            "f1-score": 0.39285714285714285,
            "support": 91.0
        },
        "ESCA": {
            "precision": 0.625,
            "recall": 0.13513513513513514,
            "f1-score": 0.2222222222222222,
            "support": 37.0
        },
        "LAML": {
            "precision": 0.0,
            "recall": 0.0,
            "f1-score": 0.0,
            "support": 25.0
        },
        "LUAD": {
            "precision": 0.7652173913043478,
            "recall": 0.7154471544715447,
            "f1-score": 0.7394957983193278,
            "support": 123.0
        },
        "SKCM": {
            "precision": 0.7714285714285715,
            "recall": 0.8617021276595744,
            "f1-score": 0.8140703517587939,
            "support": 94.0
        },
        "UCEC": {
            "precision": 0.3787878787878788,
            "recall": 0.2403846153846154,
            "f1-score": 0.29411764705882354,
            "support": 104.0
        },
        "accuracy": 0.5616641901931649,
        "macro avg": {
            "precision": 0.49343644342561,
            "recall": 0.4355678195709678,
            "f1-score": 0.4352518803166157,
            "support": 673.0
        },
        "weighted avg": {
            "precision": 0.5418720374178031,
            "recall": 0.5616641901931649,
            "f1-score": 0.532328460289664,
            "support": 673.0
        }
    },
    "confusion_matrix": [
        [
            146,
            12,
            0,
            1,
            17,
            4,
            19
        ],
        [
            30,
            33,
            2,
            0,
            1,
            9,
            16
        ],
        [
            27,
            2,
            5,
            0,
            2,
            0,
            1
        ],
        [
            9,
            5,
            1,
            0,
            3,
            5,
            2
        ],
        [
            29,
            2,
            0,
            0,
            88,
            3,
            1
        ],
        [
            10,
            0,
            0,
            0,
            1,
            81,
            2
        ],
        [
            50,
            23,
            0,
            0,
            3,
            3,
            25
        ]
    ]
}