{
    "train_accuracy": 0.6383928571428571,
    "train_macro_f1": 0.6394928777629975,
    "test_accuracy": 0.5676077265973254,
    "test_macro_f1": 0.5546761831534026,
    "test_report": {
        "BRCA": {
            "precision": 0.6486486486486487,
            "recall": 0.36180904522613067,
            "f1-score": 0.4645161290322581,
            "support": 199.0
        },
        "COAD": {
            "precision": 0.472,
            "recall": 0.6483516483516484,
            "f1-score": 0.5462962962962963,
            "support": 91.0
        },
        "ESCA": {
            "precision": 0.21929824561403508,
            "recall": 0.6756756756756757,
            "f1-score": 0.33112582781456956,
            "support": 37.0
        },
        "LAML": {
            "precision": 0.3870967741935484,
            "recall": 0.48,
            "f1-score": 0.42857142857142855,
            "support": 25.0
        },
        "LUAD": {
            "precision": 0.8461538461538461,
            "recall": 0.7154471544715447,
            "f1-score": 0.775330396475771,
            "support": 123.0
        },
        "SKCM": {
            "precision": 0.9418604651162791,
            "recall": 0.8617021276595744,
            "f1-score": 0.9,
            "support": 94.0
        },
        "UCEC": {
            "precision": 0.4411764705882353,
            "recall": 0.4326923076923077,
            "f1-score": 0.4368932038834951,
            "support": 104.0
        },
        "accuracy": 0.5676077265973254,
        "macro avg": {
            "precision": 0.5651763500449418,
            "recall": 0.5965254227252688,
            "f1-score": 0.5546761831534026,
            "support": 673.0
        },
        "weighted avg": {
            "precision": 0.6364319394690474,
            "recall": 0.5676077265973254,
            "f1-score": 0.580267676009228,
            "support": 673.0
        }
    },
    "confusion_matrix": [
        [
            72,
            28,
            42,
            12,
            14,
            1,
            30
        ],
        [
            1,
            59,
            11,
            1,
            1,
            3,
            15
        ],
        [
            6,
            2,
            25,
            0,
            1,
            0,
            3
        ],
        [
            9,
            1,
            1,
            12,
            0,
            1,
            1
        ],
        [
            14,
            6,
            7,
            2,
            88,
            0,
            6
        ],
        [
            4,
            0,
            5,
            2,
            0,
            81,
            2
        ],
        [
            5,
            29,
            23,
            2,
            0,
            0,
            45
        ]
    ]
}