{
    "train_accuracy": 0.9973958333333334,
    "train_macro_f1": 0.9940337102171852,
    "test_accuracy": 0.6537890044576523,
    "test_macro_f1": 0.6058250976178244,
    "test_report": {
        "BRCA": {
            "precision": 0.5655430711610487,
            "recall": 0.7587939698492462,
            "f1-score": 0.648068669527897,
            "support": 199.0
        },
        "COAD": {
            "precision": 0.5523809523809524,
            "recall": 0.6373626373626373,
            "f1-score": 0.5918367346938775,
            "support": 91.0
        },
        "ESCA": {
            "precision": 0.5909090909090909,
            "recall": 0.35135135135135137,
            "f1-score": 0.4406779661016949,
            "support": 37.0
        },
        "LAML": {
            "precision": 0.6666666666666666,
            "recall": 0.32,
            "f1-score": 0.43243243243243246,
            "support": 25.0
        },
        "LUAD": {
            "precision": 0.8108108108108109,
            "recall": 0.7317073170731707,
            "f1-score": 0.7692307692307693,
            "support": 123.0
        },
        "SKCM": {
            "precision": 0.975609756097561,
            "recall": 0.851063829787234,
            "f1-score": 0.9090909090909091,
            "support": 94.0
        },
        "UCEC": {
            "precision": 0.5405405405405406,
            "recall": 0.38461538461538464,
            "f1-score": 0.449438202247191,
            "support": 104.0
        },
        "accuracy": 0.6537890044576523,
        "macro avg": {
            "precision": 0.6717801269380959,
            "recall": 0.5764134985770034,
            "f1-score": 0.6058250976178244,
            "support": 673.0
        },
        "weighted avg": {
            "precision": 0.6671520117045098,
            "recall": 0.6537890044576523,
            "f1-score": 0.6489601883408705,
            "support": 673.0
        }
    },
    "confusion_matrix": [
        [
            151,
            19,
            2,
            1,
            15,
            1,
            10
        ],
        [
            13,
            58,
            2,
            0,
            1,
            1,
            16
        ],
        [
            16,
            2,
            13,
            0,
            2,
            0,
            4
        ],
        [
            16,
            0,
            0,
            8,
            0,
            0,
            1
        ],
        [
            26,
            2,
            1,
            2,
            90,
            0,
            2
        ],
        [
            12,
            0,
            0,
            1,
            0,
            80,
            1
        ],
        [
            33,
            24,
            4,
            0,
            3,
            0,
            40
        ]
    ]
}